reward,rewardCommission,serviceFee,serviceFeeCommission,vestingRewardTotal,unlockedRewardAllTotal,lockedRewardTotal
668459671.8873978200,35182087.9940737700,212280349.8575170400,53070087.4643803600,,28574461631.5584896000,19049641087.7056575500
